epoch,train_loss1_a,train_loss1_b,train_loss1_c,train_loss_ex1_avg,train_loss2_a,train_loss2_b,train_loss2_c,train_loss_ex2_avg,train_total_loss,train_joint_loss,train_ex1_pct,train_ex1_diff,val_loss1_a,val_loss1_b,val_loss1_c,val_loss_ex1_avg,val_loss2_a,val_loss2_b,val_loss2_c,val_loss_ex2_avg,val_total_loss,val_joint_loss,val_ex1_pct,val_ex1_diff
1,0.670975365298135,0.6756744706971305,0.6781653678076608,0.6749384220668248,0.607541602236884,0.575423077923911,0.5952382439545223,0.5927343281677792,1.467669712475368,1.2676727503367833,3.0319898587630892e-06,0.19999697056838445,0.6459919196537562,0.6514068826266698,0.6541104012216841,0.6505030859538486,0.5218248617308481,0.47650099318368094,0.5108940930707114,0.5030733302320752,1.3535239219665527,1.1535764199665615,5.24995157316133e-05,0.19994750329426356
2,0.6105104319027492,0.6134121745313917,0.6171864170687539,0.6137030270440238,0.5136299647263118,0.4847358339514051,0.5108101708207812,0.5030586726324899,1.2823186033112661,1.1167617015838622,0.03444310241188733,0.1655569005864007,0.6006373953478676,0.5575025103092194,0.5642150679656438,0.5741183446816036,0.4490995898587363,0.44057752098355973,0.4718358702659607,0.45383767345973425,1.0911322563035148,1.027956021785736,0.1377826281785965,0.06317623460292816
3,0.56341440313203,0.5273894672734397,0.5349057880469731,0.5419032375471933,0.46072775292396545,0.45990257665089196,0.4932379106112889,0.4712894264970507,1.0544644674573627,1.0131926673480443,0.17070415070227216,0.041271798976830074,0.5102450998510634,0.4870293295042855,0.5014634115695953,0.4995792954649244,0.3955987994670868,0.4252484954425267,0.46170377244268146,0.42751703289576937,0.9560935332434518,0.9270963306427003,0.1896117126771382,0.028997202566691808
4,0.4954458052090236,0.4929243080956595,0.5018500796386174,0.4967400775296347,0.4023238265514374,0.4478042938198362,0.4784656042030879,0.4428645864554814,0.9701247387613569,0.9396046661649432,0.20139183574063438,0.030520070893423897,0.47243973367554803,0.47295667695999144,0.48640611345427376,0.47726751954214913,0.375663570693561,0.42939727772985187,0.4566822782584599,0.4205810535294669,0.9276918313162668,0.8978485730034964,0.2066504415018218,0.029843257861477988
5,0.47803330966404506,0.48280396689687455,0.49221198310170855,0.48434976717403955,0.3623000377416611,0.4379929631948471,0.46312198632104057,0.4211383402006967,0.9368913579668318,0.9054881072725568,0.20446404835156032,0.031403250575065614,0.45648382299286977,0.4660510043757302,0.4779110664299556,0.4668153100694929,0.3218384900433677,0.4063947674546923,0.4321613829817091,0.38679822383608137,0.8862331617900303,0.8536135339055743,0.21453737765550612,0.03261962620701109
6,0.4611757829189301,0.47938872970853535,0.48632640184674947,0.47563031741550993,0.32587964955398013,0.43006538680621553,0.4493429255485535,0.4017626654079982,0.9083634498459953,0.8773929837090628,0.20552816331386567,0.0309704658303942,0.44063573132242473,0.4632090016433171,0.4731799432890756,0.4590082365444728,0.27818747307573044,0.3823576510633741,0.4151161946909768,0.3585537817989077,0.8503031005859375,0.8175620173045567,0.21716876868690763,0.03274108168908528
7,0.44970975852012635,0.47505648793493,0.47986046511786323,0.4682089162213462,0.30721396608012064,0.4235393317086356,0.4343184515578406,0.3883572606699807,0.8889716367721557,0.8565661771638052,0.20704870519467763,0.03240545786278588,0.43099003073147363,0.46129639722619736,0.4700377820900508,0.4541080813748496,0.2701343171426228,0.39630174578939165,0.3998864473445075,0.35544084622178757,0.8410377631187439,0.8095489290101188,0.21257795247009822,0.0314888323375157
8,0.43252783703804015,0.47299042759622845,0.4772099583489554,0.46090941861697604,0.2816237113816398,0.41211712942804607,0.41846687693255286,0.37073591520105087,0.8638640977995736,0.8316453347206115,0.20777407225540706,0.03221876202310835,0.41752413855280196,0.458020473923002,0.46618303499902997,0.44724256059101647,0.2361593291418893,0.36549365666934425,0.374553513271468,0.3254021758692605,0.805469020979745,0.772644736630576,0.2148418472324099,0.03282428390639169
9,0.4223390728746142,0.46736019345692226,0.47282760153497966,0.45417563326018195,0.2655850245526859,0.40232171746662687,0.4007743436098099,0.3562270382302148,0.8435771767752511,0.8104026716777256,0.20984535607269833,0.03317450485910688,0.4063681218283517,0.4539673140559878,0.46098295194762096,0.4404394727434431,0.2288473936872823,0.3484314824513027,0.36108557515484946,0.31278816034112655,0.7875968851361956,0.7532276338509151,0.22095949065685272,0.03436924913951329
10,0.4114414064884186,0.46701681290354047,0.468749778849738,0.44906934404373167,0.2534774398803711,0.3902993745122637,0.38199717029503416,0.34192467071328847,0.8227012835230146,0.7909940152168274,0.20927130740880967,0.031707266645772114,0.3976545409815652,0.4526126050949097,0.4580349676949637,0.4361007150922503,0.21466406936730656,0.3446778997182846,0.3442986225911549,0.3012135396855218,0.7695129599571228,0.73731425680433,0.21792494429860795,0.03219870092187609
11,0.402348462002618,0.4627273587499346,0.46618218864713395,0.44375268064226425,0.2393352209670203,0.3812400997706822,0.3696564530985696,0.3300772677659988,0.8031917337008885,0.7738299494470868,0.208410164807524,0.02936178296804428,0.389962810414178,0.4522053128480911,0.45753914982931954,0.43323576726232255,0.21505077044027193,0.3245215578249523,0.33238055297306607,0.2906509686538151,0.7544276313100542,0.7238867358820779,0.21014857607228415,0.030540894065584454
12,0.3954527476515089,0.46325709993498665,0.46411881858961923,0.440942898273468,0.23499210763829095,0.37363641943250386,0.3574459291866847,0.322024828008243,0.7934965048517499,0.762967727797372,0.20640310985701424,0.030528777139527456,0.3824749995640346,0.4499418366636549,0.45442826202937536,0.42894837638310024,0.2155613233787673,0.3195439019714083,0.3221319831013679,0.2857457452671868,0.7461291516848972,0.7146941211564201,0.2103281702228955,0.031435030009065355
13,0.3846354272195271,0.45874487056050983,0.45968296016965593,0.4343544298580715,0.22500243098395212,0.36421454320635116,0.3448668525474412,0.311361285005297,0.7776471657071795,0.7457157157489231,0.20965367318902697,0.03193144866398403,0.3726465956994465,0.4465967789888382,0.4511117083685739,0.42345170497894286,0.21098355146603925,0.3139317353623254,0.32111862060001917,0.2820113114459174,0.7361908076831273,0.7054630174977439,0.21253513523510525,0.030727788840021406
14,0.3788193989651544,0.4570985649994441,0.4567349170957293,0.4308843031610761,0.2239625895491668,0.3546808147771018,0.34164165736096247,0.30676169638974327,0.7695024565969195,0.7376460006918226,0.2104422681416784,0.031856455913611824,0.3656769007614681,0.4456639629772731,0.4505725562572479,0.42063781670161654,0.20349114471673965,0.3125918825353895,0.31172545563323156,0.2759361694880894,0.7278084552628653,0.6965739876202175,0.20951485429491315,0.03123446728502001
15,0.367970347234181,0.456263083594186,0.4556683667387281,0.42663394263812476,0.21783700821655136,0.3486967394692557,0.33191801820056777,0.29948393065588813,0.7568453269004822,0.7261178743498666,0.2076453012228012,0.030727451631001063,0.3546584028346198,0.44369044736453467,0.4453217842578888,0.41455688783100675,0.20067867005297116,0.3071315133060728,0.30189935983930316,0.26990318930149076,0.7158627026421683,0.6844600787503379,0.21372797771862576,0.03140262476035527
16,0.36305098397391183,0.4539512596811567,0.4520693933623178,0.4230238904612405,0.21568642312714031,0.34237991807290485,0.33269122682298935,0.29691919805322375,0.7510392257145473,0.7199430889742715,0.21006906374863216,0.031096136059079852,0.35045261660643984,0.4430956013202667,0.44310946651867456,0.41221923783847264,0.19222962366257396,0.3008104290110724,0.2997486417208399,0.2642629063299724,0.7080043084962028,0.67648214500291,0.21015593090227672,0.031522161628518786
17,0.35342072137764524,0.4517680151121957,0.4501500905241285,0.4184462846006666,0.2095645161483969,0.33459027176243916,0.325931103519031,0.2900286390100207,0.7383160542760576,0.7084749247006008,0.20939619740418025,0.029841128732476914,0.3454870011806488,0.44054130823271614,0.4409896458217076,0.40900599551200867,0.1931699884533882,0.30277392461470193,0.2977891885680812,0.2645777087381908,0.7036272759778159,0.6735837038925716,0.20907856111867087,0.03004357021195548
18,0.34928491456168037,0.4505644267967769,0.44659434604644777,0.41548123945508686,0.20259608924388886,0.33480186879634855,0.3189128819618906,0.28543695466859,0.7308193704060145,0.7009181949070522,0.2082379366670336,0.029901173847062246,0.33707004562446047,0.4391931621347155,0.4377362025465284,0.40466648050716947,0.18706139002314637,0.2983844869307109,0.28819659368480954,0.25788083171844484,0.6936783401625497,0.6625473120212555,0.21040173489706857,0.031131027136530195
19,0.3420785047326769,0.4488029536179134,0.44421187252657757,0.41169778646741595,0.20152440071105956,0.3287568248084613,0.31703386634588243,0.28243837320804593,0.7235423191956112,0.6941361595221928,0.208721274128982,0.029406158234391893,0.3309082899434226,0.43722166630199977,0.43579669206483024,0.40130889299937655,0.18818693852850368,0.29302777470009667,0.2949703208548682,0.25872835202728,0.6897882324968065,0.6600372475215367,0.20966154734577452,0.029750983093466077
20,0.33475198210988727,0.4482055149418967,0.44100140871320453,0.40798631204877583,0.1911576971582004,0.3292806971839496,0.3142201274377959,0.27821951501710074,0.7164695311955043,0.6862058278833116,0.2080368795139449,0.030263702946049825,0.32579129568168097,0.43982176303863524,0.4365685498033251,0.40072721293994357,0.18076916033455304,0.2927811987740653,0.28855500084161756,0.25403512726511274,0.6844658937454223,0.6547623406478337,0.19874116270882744,0.02970355250154223
21,0.32960781266008105,0.44749319543157307,0.43987961302484785,0.4056602177960532,0.19436716262783324,0.3243086962955339,0.31189768441234317,0.276857856631279,0.7112740544251033,0.682518075636455,0.20602550154924393,0.028755977826459066,0.3210923606327602,0.43654743657793316,0.4290426424912044,0.39556082258905684,0.17902583021138396,0.2959845767617226,0.28049256022913116,0.25183433007342476,0.6761296058722904,0.6473951546124049,0.20713912859133313,0.028734451404639653
22,0.3223481924533844,0.44641864800453185,0.43699275653702874,0.4019198763029916,0.1887881515409265,0.32012209575516837,0.3074657284617424,0.272125333411353,0.7015972829546248,0.6740452105317797,0.20791196486779623,0.0275520710008485,0.31528450535024916,0.43658821627071925,0.42820069990839277,0.3933578165599278,0.166176444206919,0.2984943888783455,0.270839726967471,0.2451701936892101,0.6686817437240056,0.638528011901038,0.20480582874161857,0.03015373252119337
23,0.3195884327547891,0.44501333223070416,0.435048191513334,0.3998833296298981,0.18357316098468646,0.31978505223989484,0.30348372679948804,0.26894732102325986,0.6971788306917464,0.6688306518622807,0.2061530817236219,0.028348176973206657,0.3096700257914407,0.4333678741795676,0.42224395608901977,0.38842729568481443,0.1744021203517914,0.28932156299693246,0.26938738421457153,0.24437036303111484,0.6625336899416787,0.632797659942082,0.21209830713272096,0.029736029880387444
24,0.31477340424060823,0.44372023463249205,0.4313276360034943,0.3966071002483368,0.17657097435423305,0.3140783448219299,0.29840582613008365,0.2630183893782752,0.6900085041863577,0.6596254899842399,0.2091570873090199,0.030383012192589896,0.3040906276191984,0.4315780500684466,0.4211357147353036,0.38560147377422876,0.16289584842111382,0.2968787804501397,0.2629793874621391,0.2409180120570319,0.656925545658384,0.6265194867338453,0.21432388484477996,0.03040605878829956
25,0.3137776242153985,0.44290461117880686,0.4309313256399972,0.3958711975983211,0.18129634907841682,0.30691314806256975,0.28757131806867464,0.25859361246653967,0.6839328510420662,0.6544648108822959,0.2076925640957696,0.029468040193830217,0.3042022550106049,0.43372486250741143,0.4238467713764736,0.3872579732281821,0.15588216624941145,0.2793502106836864,0.23872957604697773,0.22465399099247796,0.639030666930335,0.6119119653701782,0.19647435747725622,0.02711870013816016
26,0.30606632881505147,0.4416850405761174,0.429501733984266,0.39241771173477175,0.17277248087312494,0.29465409243958335,0.2697584673549448,0.24572835426671163,0.6667734896114894,0.6381460683345794,0.207457427408014,0.028627420365810393,0.2978367988552366,0.4289875279494694,0.41774851407323565,0.38152429028919765,0.1625072136670351,0.2753193822077342,0.21697124343684743,0.21826595291069575,0.629637234721865,0.5997902444771358,0.21242115288972854,0.02984698965719768
27,0.30464470515932357,0.4397822479861123,0.42730480636869156,0.3905772636958531,0.1742082618145006,0.29028643280267713,0.25687084050689424,0.24045518551554,0.6597620440210615,0.6310324503694262,0.20825361609458923,0.028729593566485814,0.2973778217009136,0.43168340826034546,0.41919662288257054,0.38275262767927987,0.1508134730447616,0.2730723910161427,0.2139543310361249,0.21261340429953166,0.6228582112789154,0.5953660338265555,0.2006557488526617,0.02749217746087483
28,0.3021162452357156,0.44085803975377763,0.4260418871130262,0.3896720682552883,0.17068568007860865,0.2854932229093143,0.2483804403458323,0.2348531213573047,0.6522426920277732,0.6245251917157855,0.20702230266162328,0.027717500363077435,0.29510517430305483,0.43075407109941755,0.41836410658700124,0.3814077947480338,0.15213085168174334,0.27286615968602046,0.20780403257267815,0.21093368688651493,0.6198487344128745,0.5923414837973459,0.19906612870522908,0.027507250147206442
29,0.2967940640108926,0.43978538523401534,0.4268757553781782,0.38781841138431006,0.1667428788053138,0.28317080299343383,0.2504481318848474,0.23345394471713474,0.6486347027165549,0.6212723576681954,0.20551082892928804,0.0273623451760837,0.2917630275828498,0.4324007933480399,0.4235022168840681,0.38255535568509785,0.1450145608718906,0.2583887617673193,0.20749453307475363,0.20363262395347867,0.6159057065759387,0.5861879807880946,0.1833500121150698,0.0297177255153656
30,0.29722551914623807,0.4393688290800367,0.42460984216417585,0.3870680730342865,0.16769919738173486,0.2829305515459606,0.23873865268485886,0.22978947449581963,0.6441987476008278,0.616857549224581,0.20602011905397688,0.02734119737148285,0.2923858583143779,0.4308854984215328,0.4159759234019688,0.3797491036142622,0.1449031112002475,0.2585732474582536,0.1995134913793632,0.2009966223835945,0.6084066569805145,0.5807457270962851,0.19185315868684225,0.027660930097103117
31,0.29340296506881713,0.4382302758353097,0.42424804050581794,0.38529377024514333,0.16260543244012765,0.2759863588128771,0.23449653538422924,0.224362781558718,0.6377648020812443,0.609656553540911,0.20480056124925614,0.028108248259340014,0.2873218070609229,0.4283934728758676,0.41747871926852637,0.3777313426562718,0.13941331917898994,0.2605985716623919,0.19381022841164045,0.19794071211133685,0.603160333429064,0.5756720565046582,0.19379024936471667,0.027488277094704763
32,0.2940115311997277,0.43743274232319423,0.42254716042109897,0.3846638208798,0.16095115027895995,0.2743586360556739,0.23070703671659742,0.22200561401673727,0.6344349443571908,0.606669436114175,0.20600383186340332,0.027765508123806546,0.28583182512010846,0.42764374269757954,0.41211677861213686,0.37519745901652746,0.13981802096962928,0.24886975020170213,0.1950649136688028,0.19458423439945494,0.5979995536123003,0.5697816953999656,0.20010575498001917,0.028217857352324894
33,0.2905486546925136,0.4359023680346353,0.41931948011262077,0.3819235101767949,0.15593759895009654,0.27085227798138345,0.2260177012000765,0.217602532514504,0.6281001279013497,0.5995260445390429,0.20738876663787023,0.02857408309834344,0.28349802563871657,0.42780238233293805,0.4102669244493757,0.37385578765187943,0.13656518124043943,0.25935756815331323,0.19035086401871273,0.1954245428442955,0.5961231734752656,0.5692803327015468,0.19863738258395877,0.02684283986261913
34,0.2917707256419318,0.4372727232660566,0.4167543122087206,0.38193259767123633,0.15821716372881617,0.269286752973284,0.21990073931217194,0.2158015583242689,0.6270605850219727,0.5977341574600765,0.207330951324531,0.029326426650796617,0.28428406400339945,0.43051678599630083,0.4122908123901912,0.3756972302028111,0.13010198194214276,0.24222844138315747,0.19363428379808154,0.1886549076650824,0.5929348421096802,0.5643521397454399,0.18683827060461045,0.02858270206621715
35,0.28833688153539383,0.43689278854642594,0.4161737778527396,0.38046782602582657,0.1506522870532104,0.26892685942138944,0.21716681953413147,0.21224866144997734,0.6206689240932465,0.5927164885657175,0.2062139407140868,0.027952434429100583,0.28039047079426904,0.4263216836793082,0.40768962802205766,0.37146727074895586,0.13701727204663414,0.2574588579365185,0.18299277692820345,0.19248964087877954,0.5910035717487335,0.5639569136755807,0.19814002806799752,0.027046657374926977
36,0.28762686584677016,0.4360411606516157,0.41494043534142633,0.3795361639772143,0.15184197155279772,0.26895622589758467,0.21519014629295893,0.21199612095526288,0.6190019398076194,0.5915322873592377,0.20586487345184598,0.027469652797494616,0.2818923067195075,0.42766028009142193,0.4086220122746059,0.3727248754501343,0.12906309069905963,0.2394864358007908,0.1831141099887235,0.18388788432734354,0.5844563227381026,0.55661276108878,0.19233489808014462,0.027843561581202915
37,0.28554478163378577,0.4339929693426405,0.41286194842202323,0.37746657640593395,0.14984267339748997,0.26530234851155965,0.21387147158810071,0.20967217067309787,0.6146067678247179,0.5871387484414237,0.20597926495756422,0.02746801907675607,0.2776727919578552,0.42657074245384763,0.4031034484590803,0.36911567064693995,0.1251944981738925,0.24518439108133316,0.18290615476667882,0.1844283534543855,0.5813013238225665,0.5535440274647304,0.1989962175488472,0.027757296315261297
38,0.2821917416879109,0.4358779036658151,0.41235756639071874,0.3768090808732169,0.14749228361674718,0.264537087227617,0.21279243440713203,0.20827394110815867,0.6126636291231428,0.5850830243655614,0.2057489673410143,0.02758060572828565,0.2776545864343643,0.42935251879692077,0.40981792415891377,0.3722750207015446,0.12735712499490806,0.23760622102447918,0.18506563865286962,0.18334299997772488,0.5849519728592464,0.5556180217947279,0.18333011035408292,0.029333950843129838
39,0.28371338827269416,0.43481885041509355,0.41150571465492247,0.3766793279647827,0.14910612609130997,0.25988111443178996,0.21173459539456027,0.206907284285341,0.6115865488733564,0.5835866140638079,0.2049336256810597,0.027999934128352572,0.27752681798594336,0.42573323597226825,0.40367714095115664,0.368979075057166,0.12832966195685522,0.23564125269225666,0.18030858642714365,0.18142650566356522,0.5778535953930446,0.5504055827004569,0.1949567021386964,0.02744801437003272
40,0.2810753186941147,0.4344086135796138,0.409569889988218,0.3750179500579834,0.14631200129113028,0.2618306513428688,0.20822464270676885,0.2054557710119656,0.6076766973563603,0.5804737231390816,0.2071331957919257,0.027202972957066127,0.2753177832194737,0.4273548047542572,0.4028389583315168,0.3685038585322244,0.12330727777949402,0.23999377626180649,0.17841859363019466,0.18057322090438435,0.5767845490319389,0.549077081475939,0.19161981614146914,0.027707466099943432
41,0.2813231476715633,0.43458953019550867,0.40731761455535886,0.3744101071017129,0.14286823516019753,0.2608116093959127,0.20436061350575516,0.202680158666202,0.6053328469480787,0.5770902670792171,0.20586947441101075,0.028242578761918203,0.2726618952580861,0.4240116186482566,0.3991976835387094,0.3652904085091182,0.12170705248521907,0.24242109500084605,0.1752912109302623,0.1798064584306308,0.57181122309821,0.545096869128091,0.20073063090017865,0.026714353212288447
42,0.27924773844650813,0.432738572869982,0.4070361289978027,0.37300749036243985,0.13893225394508668,0.25912517001799173,0.20426599524702344,0.20077447829076223,0.6005257450171879,0.573781970671245,0.20700421071052552,0.026743774022374836,0.27222479007925304,0.42466393692152843,0.39943970486095975,0.36544282031059266,0.11973504186953816,0.22550261202454566,0.17776672441618782,0.17433479761225837,0.5668352388995035,0.5397776204177311,0.1952383885553905,0.02705761878831046
43,0.28010130817549567,0.4330618472439902,0.40571339849063326,0.37295886175973075,0.14383767069876194,0.2557469427159854,0.2008770902284554,0.2001539072224072,0.6006013779980796,0.5731127700805664,0.20590365498406546,0.027488607457705906,0.27474761911800927,0.4253087344850813,0.4013913951260703,0.3671492587157658,0.1227283558068531,0.22223233671699252,0.1772058131822518,0.17405550619534083,0.5692832875592369,0.5412047677721296,0.18908923832859312,0.02807851926769529
44,0.276340746658189,0.43213793458257405,0.40612961268424985,0.371536107982908,0.1392446049792426,0.2529898499676159,0.20129193292132447,0.1978421344075884,0.5960288572311402,0.5693782447746821,0.20682390872069767,0.026650611775262015,0.27069151025159016,0.42438674531664167,0.3975686890738351,0.36421565767696923,0.12302255009327616,0.23630578712906156,0.17181373194924424,0.17704736110993793,0.5681768465382713,0.5412630202770233,0.195954026724611,0.02691382632085255
45,0.2758685815845217,0.4312624442577362,0.4047190387589591,0.3706166982310159,0.1415380165874958,0.25400025066307613,0.1986650297173432,0.19806777102606637,0.5962664419582911,0.568684471981866,0.20692411226034163,0.02758196954216276,0.26827397407804215,0.4222738332748413,0.3966501614706857,0.36239933252334594,0.11919021362811327,0.23048228851812227,0.17252802132495812,0.17406684582999774,0.562730037689209,0.5364661806992123,0.1995623310123171,0.026263856376920428
46,0.2768353489467076,0.4321783480303628,0.4042463254247393,0.371086683682033,0.1392229940784829,0.2528919778764248,0.19774064018683774,0.19661854328427997,0.5955486721651895,0.5677052285330636,0.20643148808819908,0.027843443700245447,0.2699171486582075,0.42319703514235363,0.3947283957004547,0.3626142032487052,0.11282155299825328,0.21928608451570783,0.17341146842070987,0.1685063731414931,0.5584873317990984,0.5311205783571515,0.19557398423126765,0.027366753339767454
47,0.27295453895841326,0.4316090882165091,0.4021758587360382,0.3689131723812648,0.1347066385756646,0.2513374766281673,0.19865019907057285,0.19489811027901513,0.5907980841909136,0.5638112847464425,0.2066879717367036,0.026986800270421163,0.2670504118374416,0.4243058455501284,0.3972828813620976,0.36287972266333446,0.12303833828281079,0.22423620200582914,0.18533064252563886,0.1775350662427289,0.5675769554206304,0.5404147921970912,0.1906401298046112,0.027162162661552428
48,0.27357945723193033,0.43229451291901727,0.40221849053246633,0.3693641633987427,0.13648999210021326,0.2510156685880252,0.19523823485417025,0.19424797063214438,0.5905242919921875,0.5636121356487274,0.20535378706455232,0.02691215593474252,0.26791273840836116,0.4249135208811079,0.39192895364761354,0.3615850807598659,0.12019797357278211,0.23975775034512792,0.16687177403058326,0.17560917099033083,0.5637083195958819,0.5371942529337747,0.19148185520512717,0.02651406533377511
49,0.27131076443195346,0.43061113592556544,0.3997501380443573,0.36722402259281706,0.134758381052741,0.2502683724803584,0.1958535383428846,0.19362676922338348,0.588563175882612,0.560850793327604,0.20661639411960328,0.027712381780147552,0.26700541412830353,0.4265760305779321,0.3989687891347068,0.36418342096464973,0.10694977093594416,0.2283954992251737,0.1674673128936972,0.16760419931156295,0.5617239295073918,0.531787622315543,0.18204936175686973,0.029936307770865304
50,0.27273571014404296,0.43104480130331857,0.39964911815098353,0.3678098867280143,0.13547788968043667,0.25122848418780735,0.19557252713612147,0.19409297168254852,0.5879142432212829,0.5619028591428484,0.2041334234901837,0.026011383286544256,0.26445457679884776,0.4217467854363578,0.39152625897952487,0.3592425497259413,0.11817907773809773,0.2257594578223569,0.16709006046823094,0.17034287011623384,0.556388868536268,0.5295854214259557,0.19700789818593434,0.02680344727209636
51,0.2691181279420853,0.4294080347333636,0.39916112092563083,0.3658957713331495,0.1334210582290377,0.24931868911640984,0.19449478456377983,0.19241151609591076,0.58374811567579,0.5583072888851166,0.20570040957416807,0.025440828008311135,0.2616877502202988,0.4201923025846481,0.38963479552950175,0.3571716267721994,0.10577725216746331,0.21879242054479464,0.16672179935233933,0.16376382840531212,0.5467685700825282,0.5209354575702122,0.2012056743162019,0.025833112452711377
52,0.2709765882832663,0.4294167495795659,0.3975449731349945,0.3659794467857906,0.1332287720580186,0.2464263825586864,0.1926344940385648,0.19076322160874093,0.5836784284796034,0.5567426690374102,0.20665628630774363,0.026935758709907533,0.2624668788909912,0.4219188934394291,0.3899328399726323,0.35810621554510935,0.10968951372163636,0.22117944908567838,0.17065318892896175,0.16717405545711517,0.5519594246319363,0.5252802737440382,0.19399492690392903,0.02667915014709745
53,0.26651309640066967,0.42958797689846584,0.3970931715624673,0.3643980912481036,0.13293730917998722,0.25061188587546346,0.19298102488262311,0.19217674521463257,0.5839304510865893,0.55657483792305,0.20524601323263986,0.027355613589286804,0.2643300207683018,0.4236241593360901,0.39283132658685954,0.36026184443065096,0.11986582134344748,0.21879813358613423,0.16386804052123002,0.1675106695634978,0.5575733985219683,0.5277725167274475,0.18164118422780717,0.029800882322447642
54,0.2679984830958503,0.42760325711114067,0.39780600013051715,0.36446925640106204,0.1321565003309931,0.24820800473008836,0.19238606280088424,0.19091686173847744,0.5814545963491712,0.5553861190932138,0.206814323927675,0.026068475987230028,0.26026338466576165,0.42205653773035323,0.3913787603037698,0.35789957066944666,0.107755418853036,0.23199249133041927,0.16457755478152206,0.16810849318759782,0.5541711426462446,0.5260080659389496,0.18773625825132642,0.028163076196398053
55,0.2662345066411155,0.4297933278764997,0.3968320684432983,0.36428664445877074,0.12722810300758908,0.24660448098182677,0.19434000466763973,0.18939086861269816,0.5797045473711832,0.5536775156429836,0.20599677213600703,0.02602703196661813,0.2592914332492011,0.4195270340442657,0.38914000388554165,0.35598616691998075,0.10568287948093244,0.22394893191541945,0.16634876524763448,0.16532686368482452,0.5474243853432792,0.5213130319459097,0.1935500208394868,0.026111353542123523
56,0.26359967955521174,0.4274978575365884,0.39579185947350093,0.3622964762619563,0.12879051508860928,0.24446916635973112,0.19110105920263698,0.18812025265182766,0.5775318129403251,0.5504167311191559,0.20584168840306147,0.027115081080368586,0.25842629092080255,0.4198364325250898,0.3897018074308123,0.3559881867000035,0.11321314678128276,0.21245522371360234,0.17190577459335327,0.16585805250917163,0.550318279504776,0.5218462412697928,0.18955251961946487,0.028472037238734108
57,0.26676881265640257,0.4254263730389731,0.3946650699547359,0.3622867622716086,0.1294488286908184,0.2445387603385108,0.19247477362624235,0.18882079352225575,0.5774901502473013,0.5511075575351715,0.20559300195319313,0.02638259275470461,0.26527018885953085,0.42064012369087767,0.3924518059321812,0.35945404897417343,0.11105412349637066,0.2180440175831318,0.16499220671824047,0.164696786906038,0.5560446296760014,0.5241508369105203,0.17750581882681166,0.03189379290172032
58,0.2663403340237481,0.42515797877311706,0.396258425780705,0.36258558971541266,0.12562260404122727,0.24399577793053218,0.19032292142510415,0.1866471068092755,0.5763470437526703,0.5492326979637145,0.20584112244844438,0.027114345848560335,0.25654797298567633,0.41740973247800556,0.38607559980664935,0.3533444449560983,0.11128732447326184,0.23599366363883018,0.1652194104024342,0.17083347137910979,0.5505505705901554,0.5241779175145286,0.19480562002318247,0.026372652070862906
59,0.2666179946320398,0.4256062811102186,0.3938892335891724,0.36203784581593107,0.12743033158459835,0.24040786937730652,0.18822161331347056,0.18535327684027808,0.573384685584477,0.5473911255768367,0.20567842707463674,0.025993559079510824,0.25870482698508673,0.41669080555439,0.3855647841181074,0.3536534824711936,0.11004984750811543,0.21782013932721955,0.16248239013552665,0.16345079701713153,0.5434069653238569,0.5171042806761605,0.1948146779366902,0.026302684443337578
60,0.26496593282903946,0.4254438079425267,0.3934600294317518,0.3612899330343519,0.12601850010773966,0.24243731799721718,0.19007832129086766,0.18617805179102082,0.5741271171910423,0.5474679853916168,0.20583135577610562,0.02665913188457489,0.2613869733129229,0.41980037324769154,0.3882186644077301,0.35646868099485124,0.10437589643044132,0.21354003073062217,0.16356555012719973,0.1604938302082675,0.5467909183842795,0.5169625130040305,0.1817455726521356,0.029828405414308822
61,0.26740115279810767,0.4235660712718964,0.39071582766941615,0.3605610270500183,0.12842462921568326,0.24260574806162288,0.1882077172270843,0.18641270329271045,0.5731484868867057,0.5469737321989877,0.20686438248838698,0.02617475482395717,0.25934799512795037,0.41719090955598015,0.3840833879879543,0.3535407749584743,0.10435413826363427,0.2151608974635601,0.16488746849979674,0.16146750628096718,0.5413646193231855,0.5150082832404546,0.1896243537749563,0.026356335767677853
62,0.2641120993239539,0.42461679097584315,0.3914646296330861,0.36006451651028226,0.12379880483235632,0.23957595646381377,0.19092094406911306,0.1847652406862804,0.5711127843516214,0.5448297585078649,0.20566131460666656,0.026283026116234915,0.2602089109761374,0.4181233172757285,0.38390233557564873,0.35407819856916156,0.10371207858941385,0.20823723300014224,0.1618771070476089,0.1579421440235206,0.5407173034804208,0.5120203444957733,0.18464419835805893,0.02869695943593979
63,0.2657573907205037,0.4232231437819345,0.391099947486605,0.36002683762141635,0.12479075905148472,0.2385959582243647,0.18750305416328567,0.1836299289720399,0.5700651571750641,0.5436567679473332,0.20523281839915683,0.026408388665744235,0.25900048276356286,0.4160371470621654,0.3840957046576909,0.3530444545405252,0.10260511592243399,0.21758569046429224,0.1620961985822235,0.1607623395706926,0.5412485248020718,0.5138067955289568,0.18813420095614025,0.02744172945192882
64,0.26454481254305157,0.42382584619522096,0.3898929250751223,0.35942120446477616,0.1255416161013501,0.23998787839072092,0.18722464827554566,0.18425138625502585,0.5688266720431192,0.5436725927080427,0.20442682956797736,0.025154078713485174,0.2585886032751628,0.41525372365542823,0.3811514605794634,0.35166460582188197,0.09991255795317036,0.21621417128614018,0.1630000809537513,0.15970894098707608,0.5391342236314501,0.5113735485076905,0.19005255028179713,0.027760676571301053
65,0.26167106349127633,0.42352252667290824,0.388771432025092,0.35798835045950755,0.11990498895623854,0.23834085460220064,0.18682611523781503,0.18169065826705524,0.5658094957896641,0.5396790096419198,0.20537363517284393,0.026130486590521675,0.2550297740357263,0.4157961986916406,0.38219573851994104,0.3510072468348912,0.11688468738751752,0.21930239928620202,0.1611551574319601,0.1657807523735932,0.5439960783890315,0.5167880018098013,0.18874718670334134,0.027208076792103904
66,0.2619275661196028,0.422870763029371,0.3891568814005171,0.3579850789819445,0.12471468804989543,0.2357211128601006,0.18803351011659417,0.18282310867735319,0.567498987368175,0.5408081897667476,0.2053991592526436,0.026690797592912402,0.2576476979936872,0.4163436130114964,0.3827508132798331,0.35224738529750277,0.09817629065790347,0.2177084460556507,0.16328912878462246,0.15972462639638355,0.5403732332161495,0.511972012928554,0.18216067192384175,0.028401220466409412
67,0.25831293548856465,0.42248826558249336,0.38867320353644236,0.35649147759165084,0.12210868707937854,0.23675020435026714,0.18697754962316582,0.18194548545139178,0.5632535534245627,0.5384369647843497,0.20562353388752255,0.02481658904041563,0.25395393897805896,0.4168866309097835,0.3830072548389435,0.3512826178414481,0.09754615962824652,0.22341160787854875,0.1608187072149345,0.16059216275811194,0.5409561714785439,0.5118747821535383,0.18252097430399486,0.029081388822623663
68,0.26097811470712934,0.42292738699913024,0.387192825453622,0.3570327855859484,0.12295051595675094,0.23831571687545094,0.18798998703488282,0.18308541157841682,0.566439300775528,0.5401181994165694,0.20527678545883724,0.02632110159737723,0.25367320900303975,0.4134972130911691,0.37884424992970056,0.3486715672016144,0.10233241883346013,0.22371498459151812,0.16243692341234003,0.16282811378155435,0.5389815361499787,0.5114996821880341,0.1915098956993648,0.027481853808675495
69,0.25862735089233946,0.4215653782231467,0.3885109569004604,0.35623457193374636,0.12143712572434119,0.2345128504378455,0.18727002683494773,0.18107333945376533,0.5626005025931767,0.5373079125540597,0.20429630874735968,0.025292590405259812,0.2539835574286325,0.41355494824477607,0.38116468596458436,0.3495677402360099,0.09896096613470998,0.21492022064328192,0.16242814048911844,0.1587697802505323,0.5357863054956709,0.5083375231879098,0.18502749230180468,0.027448782886777604
70,0.26034424350942886,0.42070647968564717,0.38717646745273043,0.3560757383959634,0.12261240086917366,0.23533724590284483,0.1880876263401338,0.18201242936083248,0.5635976956571851,0.5380881702559335,0.20528419831820896,0.025509525316102163,0.25286154174804687,0.4121393121310643,0.38013706270286013,0.34837931506974357,0.10322248865876879,0.22924233751211848,0.1637713149700846,0.16541205157552447,0.5405145596095494,0.5137913683141981,0.188319116967065,0.026723191039902824
71,0.2582389767851148,0.4212493473802294,0.38650708314350674,0.3553318121773856,0.12156027864132608,0.2319395756678922,0.18721708296665124,0.18023898416757583,0.5610529223169599,0.5355707979202271,0.20468947230066573,0.02548212308543069,0.25472407688413345,0.4118949933733259,0.37822252666950223,0.34828054199899944,0.10428656913978714,0.21855835357734135,0.162272427631276,0.16170578818236078,0.5385029668807984,0.5099863314288003,0.1846489372083119,0.028516635145459858
72,0.2608602318934032,0.4200676890100752,0.38442108857631685,0.3551163467339107,0.12174743406900337,0.23442231578486306,0.18819341642516,0.1814543938083308,0.56176657135146,0.5365707420281002,0.2051178880929947,0.0251958281653268,0.2533816680908203,0.4131799531664167,0.37847812170641765,0.3483465898036957,0.09689958328434399,0.21402738609484265,0.16178532251502786,0.15757076840315545,0.5345397022792271,0.5059173601354872,0.18444603614296232,0.02862234296969005
73,0.2587912016085216,0.41967326065472194,0.38470654119764053,0.35439034366607663,0.11990824417663472,0.2330121717112405,0.18525609224608966,0.1793921739416463,0.5587049453258515,0.5337825201238905,0.20487587574550084,0.02492242399283818,0.25289605828693934,0.41048204743862154,0.37619821447985513,0.34652545070648194,0.09648881340452603,0.20900814890010017,0.15991507000369684,0.1551373485497066,0.5278723525660378,0.5016628021172115,0.18969700526339667,0.026209550167833055
74,0.2577429367474147,0.4181726978506361,0.38448583667618885,0.35346716696875435,0.11782929535210132,0.2339646426652159,0.18590511096162454,0.17923302167654037,0.5595524914605277,0.5327001905100687,0.206677533524377,0.026852301137787957,0.24910658545153483,0.4101983389854431,0.3742872590337481,0.3445307379450117,0.10286853393699441,0.21564515746917043,0.1616162337809801,0.16004331295830862,0.5299581810746874,0.5045740527766092,0.19274308609962462,0.025384127838271004
75,0.25843063155242374,0.41746838293756755,0.38457491166251045,0.3534913189751761,0.12019437419942447,0.23083516805938312,0.18579230686170714,0.1789406212397984,0.5577672478812081,0.5324319408961705,0.20461541046415058,0.0253353077513831,0.2510484535012926,0.40916725390298025,0.3769507032973426,0.3457221467835563,0.09696107065039021,0.21897344622867448,0.16113657389155456,0.1590237012548106,0.5316403198242188,0.5047458494731358,0.18927802733012608,0.026894470402172632
76,0.25532592712129865,0.41731301845823016,0.3841178781645639,0.3522522850717817,0.11709612598908799,0.2329488195138318,0.1872549905457667,0.17909998386672565,0.5570404752322605,0.531352269921984,0.2055645923784801,0.02568820493561881,0.2505782749312265,0.40984687975474765,0.37788679136548725,0.3461039922237396,0.09477215244621039,0.21629753107684,0.1614871314487287,0.15751894246680395,0.5327553889751434,0.5036229367256164,0.18333083821194512,0.02913245242834091
77,0.2564550527163914,0.4177733897822244,0.38421345594951084,0.35281397560664585,0.1184013182435717,0.23214861619046756,0.18250981313841683,0.17768658781477384,0.5571076150281089,0.5305005652223315,0.20450620264666422,0.026607050044195994,0.24970335965497154,0.40751753056049345,0.3727347163643156,0.3433185452393123,0.09543309517524072,0.21608417088219098,0.16044858165085316,0.1573219538288457,0.5254821562767029,0.5006405003411429,0.19319333904130118,0.024841655986649648
78,0.254848414335932,0.41649703373227803,0.38367582310949055,0.35167376814569745,0.11601498086218323,0.23254119092226028,0.1840479742160865,0.1775347207571779,0.5556152953079768,0.5292084907804216,0.2057126117348671,0.026406803463186537,0.25049189363207136,0.4082085688454764,0.37301219953809467,0.34390423073087417,0.09457629654982261,0.2122192538678646,0.16234245105513503,0.15637933831129755,0.5257850132329124,0.5002835703236717,0.18965251107726777,0.02550144211735044
79,0.25713264060020447,0.4170960777487074,0.38279128214291164,0.35234001002992904,0.1148244608566165,0.2309996949136257,0.18468012697781835,0.17683476571525847,0.5552066853046417,0.5291747775759016,0.20405700724465506,0.026031907950128826,0.25093999832017083,0.40897517040797643,0.37467170289584567,0.3448623001234872,0.0963775379636458,0.20623218127233642,0.16027247257956437,0.15429406854510308,0.5272878241539002,0.49915637043544225,0.18336313285997935,0.028131452330521174
80,0.2542112358638218,0.41567248323985506,0.38161740824154444,0.3505003856931414,0.11494123471954039,0.22971701143043383,0.18773510680454117,0.17746445626446178,0.5534263355050768,0.527964844090598,0.2067593873654093,0.02546149080991745,0.2501998872756958,0.40934618503706793,0.37338561044420515,0.34431057115963526,0.09216144652451788,0.2028976547888347,0.16222757130861282,0.15242889505199023,0.5243127980232238,0.4967394688470023,0.18553115216323307,0.027573329721178326
81,0.2555744787114007,0.4144908561365945,0.38131896024090906,0.35046144223213194,0.11665309764657701,0.23031648315276418,0.18456980667795453,0.17717980086377688,0.5537471896580287,0.527641245501382,0.2052335235135896,0.026105942053454262,0.25050283186776295,0.40738914544241767,0.37293768405914307,0.34360989720480783,0.09244758294416325,0.20916785009418215,0.16179446009014334,0.15446996891072817,0.525891694341387,0.4980798684188298,0.183278277695179,0.02781182540314538
82,0.25452936175891333,0.41486179838861736,0.38003706094196865,0.34980941656657627,0.11564510407085929,0.22948926719597407,0.1827544523115669,0.17596294646177973,0.5503036734376635,0.5257723643439157,0.20548979706423623,0.02453130899156843,0.250250296831131,0.40408081810814994,0.3717667874268123,0.3420326441015516,0.0912628319337964,0.20661470563496862,0.16117212612501214,0.15301655897072383,0.5207609177657536,0.49504920499665395,0.18845377017770495,0.025711712394441876
83,0.2535465256316321,0.4137539849962507,0.37963907017026627,0.3489798698084695,0.111376379941191,0.22772529484118734,0.18430268081171172,0.17446812382340432,0.5495116333961487,0.5234479950496128,0.20695304052318844,0.026063637622765132,0.24977435563291822,0.4065339404344559,0.3720740288496017,0.3427941174507141,0.09426503995593105,0.20823627864888736,0.16149511130367006,0.1546654808478696,0.5251915188516889,0.4974595998695919,0.1838548558780125,0.027731919475964137
84,0.2548171419927052,0.4127142757007054,0.3805375204426902,0.3493563233443669,0.11414712141347783,0.2288692136492048,0.18456996451318264,0.17586210461173737,0.5508751406669616,0.5252184299400875,0.20535329846824918,0.02565671090568815,0.24841274811540331,0.40499393371173315,0.37017704309735977,0.34119458511897494,0.09029676747215645,0.207967598259449,0.16056089250317643,0.15294175697650228,0.5207181290217808,0.4941363432407379,0.18784909376927786,0.026581786283424922
85,0.2525459038359778,0.41309171172550746,0.3807982003859111,0.3488119486059461,0.11021969518916948,0.22748936409609657,0.1851852120012045,0.17429809512410846,0.5484514157090868,0.5231100456374033,0.20521045282908848,0.025341369986534117,0.24897878289222716,0.40707972165516443,0.37481013938358854,0.34362289128984724,0.09127283804757254,0.20720269089511462,0.16143843629317625,0.15330465950710434,0.5294315628324237,0.4969275524616241,0.17521059093305044,0.03250400995356696
86,0.25247537660598757,0.41169566355432785,0.3785856857129506,0.3475855853557587,0.11086638449026005,0.22884348743302482,0.18477475669554302,0.17482821386201042,0.5479268471172878,0.5224138003076826,0.20540119768892015,0.02551304715020316,0.24699009811878203,0.40401360617365156,0.3701671127591814,0.3403902819497245,0.08947591064976794,0.20338000954048974,0.16021625753172805,0.15102406351481165,0.5180998001098632,0.4914143467290061,0.18769374567270278,0.026685453542641232
87,0.2520540637459074,0.41209383705684116,0.37765483684199197,0.3472675893306732,0.11018227264178651,0.2277918080644948,0.18404191492285046,0.17400533675295965,0.5464982002122062,0.5212729268414633,0.2062867824264935,0.0252252739071846,0.24960632891314372,0.4044676570892334,0.37087742143017904,0.3416504796913692,0.09310058091101901,0.2018940767603261,0.16579566084274225,0.1535967769069331,0.5235567924635751,0.4952472584247589,0.1830520692552839,0.02830953371524811
88,0.2550941610676902,0.4119469208376748,0.3765823350293296,0.3478744820867266,0.10937508125390326,0.22527740733538354,0.18439296913359846,0.1730151570737362,0.5469286536489214,0.520889641216823,0.2064220290694918,0.02603901151248387,0.2478739699295589,0.40325436445644924,0.36948778009414673,0.34020538071223666,0.09053724928838866,0.198728678890637,0.16165782413738114,0.15030792207803045,0.5181461934021541,0.4905133042676108,0.186025976564203,0.02763288927929742
89,0.2515120666197368,0.41225212778363907,0.3769175474814006,0.3468939243044172,0.11083909947850874,0.22511451988135064,0.18223619574734143,0.17272994303703307,0.5446338590553829,0.5196238696575165,0.20566046840803964,0.025009988393102374,0.24861545070580074,0.40605247020721436,0.3703816608020237,0.3416832036631448,0.08900463149696589,0.21499857154914312,0.16079234921719346,0.15493185521875108,0.5271777255194527,0.496615060704095,0.17857923939398357,0.030562664806842804
90,0.2530190953527178,0.41112854262760706,0.3753383197954723,0.3464953295503344,0.11367923549030508,0.22639329418114254,0.18653328951128892,0.1755352780861514,0.5478860942295619,0.5220306101526533,0.20466809621027537,0.025855483778885434,0.24760071221419744,0.4047362356526511,0.3690495524065835,0.3404621771063123,0.08647363566394363,0.20345297750404903,0.16099065948171276,0.1503057616055012,0.520348642042705,0.49076794011252267,0.18128553288323537,0.02958070082323892
91,0.2529581555809293,0.41110628519739423,0.37763573605673656,0.3472334023884365,0.1096616856519665,0.22806962592686925,0.18339400089638574,0.17370844232184546,0.5470747115952628,0.5209418458598001,0.2040732405441148,0.026132865556648798,0.24623300324167524,0.40002553527695794,0.3683442219666072,0.33820093086787634,0.086883150236415,0.20578642077531134,0.16205874186754227,0.15157610843437058,0.5165356172493526,0.48977704089028495,0.1891543778862272,0.026758576665605816
92,0.2522815410239356,0.41004821007592335,0.3765384535448892,0.34628941113608225,0.10862067859406982,0.22919212439656259,0.18474310427265508,0.17418530764750073,0.5454736926896232,0.5204747209889549,0.20442005539791924,0.02499897014243262,0.24492084050178528,0.4018724170071738,0.3663384985242571,0.337710594858442,0.08889763355255127,0.22563684158665792,0.16152601340625966,0.15868683355833804,0.5235450994968415,0.4963974297727857,0.18515084461654935,0.027147669698510853
93,0.25174153760501317,0.4082300705569131,0.3752890007836478,0.3450868785721915,0.11404462126216718,0.22452985895957264,0.18635480322369508,0.1749764327151435,0.546122170652662,0.5200633127008165,0.20517667938981737,0.0260588572706495,0.24702659680162156,0.4015053416490555,0.36663792215074814,0.3383899641377585,0.0892755842251437,0.20434295892715454,0.16124491992167064,0.15162115865945816,0.5174451082774572,0.4900111245768411,0.18307539902414594,0.02743398310456957
94,0.2493420614515032,0.4088017241614206,0.37517755285331184,0.34444045608384266,0.10734593603760004,0.22414367490155357,0.183777295840638,0.17175564036199026,0.5420548393726349,0.5161960973739624,0.20535602985109602,0.025858742594718934,0.24525219149248942,0.401756096465247,0.3689022273165839,0.33863684844970704,0.08785851097319808,0.19608110583680016,0.16005434319802692,0.14799799042088646,0.5164020299570901,0.4866348401818957,0.18004462110996247,0.02976718991143363
95,0.2522489258221218,0.4066845257282257,0.37639062656675065,0.345108035836901,0.10824850893872125,0.22309820891703877,0.1834437272463526,0.17159681983930725,0.5421141797133855,0.5167048576559339,0.20535318306514194,0.025409322006361826,0.24498609130723137,0.39721736196109225,0.36658675214222497,0.3362634120328086,0.0886103978678584,0.21095687113489422,0.15953103367984295,0.15303277170870985,0.514752533197403,0.4892961870261601,0.1890552653159414,0.025456346026488712
96,0.250600736618042,0.4074631782599858,0.3755064446585519,0.3445234625680106,0.10672383755977664,0.22486001398307937,0.18443228427001407,0.17200538387468883,0.5422307218824114,0.5165288477284568,0.2051880469237055,0.025701874554157258,0.24291248963560377,0.398554146868842,0.3660634873424258,0.3358433850152152,0.08519028113143785,0.20669921975050654,0.1606089553279536,0.15083282326374736,0.5128126034055437,0.48667621002878464,0.18671111794880457,0.02613639407498496
97,0.2506850883449827,0.4068326882634844,0.373602251631873,0.3437066856792995,0.10905545491831643,0.22424775855881826,0.1814136802745717,0.17157230271611895,0.5403006604739597,0.5152789896896908,0.20592002945286886,0.025021670069013322,0.24437382922853743,0.399195653625897,0.3626612148966108,0.33541024182524,0.08584709658793041,0.1966015045429979,0.1598332714076553,0.14742729479925973,0.5087118102141789,0.48283753831045967,0.18980619014160974,0.025874272065503256
98,0.24883568452085766,0.4070624767371586,0.3733013517175402,0.3430665130955832,0.1068592034557036,0.2263171615259988,0.18480580290939128,0.17266072733061655,0.5408706550598145,0.5157272423676083,0.20493772318533487,0.025143413262707845,0.2448651304926191,0.39926863731656753,0.36411695844786507,0.3360835851260594,0.0912883165595787,0.1940075592313494,0.16059507101774215,0.14863031973157612,0.5120622010231018,0.48471390703746253,0.18620856112241746,0.02734829351731709
99,0.25198262202739713,0.40598411812101093,0.3718561467783792,0.3432743050370898,0.10849239333612579,0.22244048552002227,0.18384350910357067,0.17159213398184095,0.5400360021591186,0.5148664401258741,0.20450070934636252,0.025169561862945555,0.24598091554641724,0.3979357537201473,0.36260140894140513,0.33550603583880834,0.08318042606008905,0.2231474317120654,0.16292732366387333,0.15641839855696474,0.5180142187391009,0.49192443554741994,0.1867446929046086,0.026089783310890197
100,0.25073712406839643,0.4052297990662711,0.3726960552079337,0.34288766969953266,0.10717844303271601,0.22415537548490932,0.18382166716882162,0.17171849994574273,0.5398160886423928,0.5146061719485692,0.20466845088345664,0.02520991700036185,0.24753746955735342,0.3980265292440142,0.36635462972096033,0.33730622002056665,0.08795949326987777,0.1930299237200192,0.16226227209184851,0.1477505668912615,0.5152299577508654,0.4850567880698613,0.18001757573229926,0.03017317018338612
101,0.25001573261192866,0.40475058116231644,0.3728987704174859,0.34255503872462684,0.10389920404979161,0.22335066996301922,0.1819896185866424,0.1697465020460742,0.5380696848801204,0.5123015431335994,0.20583376782281057,0.02576814193384988,0.2460448167494365,0.39725752244676865,0.36409681837899344,0.33579972921098983,0.08419084443471261,0.20473848441668918,0.1596281997455018,0.14951918064057826,0.5134394499233791,0.4853189116205488,0.18502046547617232,0.028120538353919984
102,0.25197428708417074,0.4044991687365941,0.3716297278404236,0.3427010703427451,0.10567156240769796,0.22228020925607,0.18428853717233454,0.1707467744435583,0.5389929683889662,0.5134478466170175,0.20471130368539264,0.025545121678284235,0.2446159156731197,0.3961961009161813,0.3597167891434261,0.3335096116065979,0.08425128811917135,0.19493581214972905,0.1627181167474815,0.14730174311569758,0.507606931754521,0.48081135623795646,0.1906055338723319,0.02679557512487684
103,0.24838038877078464,0.40485940064702713,0.370830157824925,0.34135665818623134,0.1059537162397589,0.2221340965288026,0.1827102002799511,0.1702660091817379,0.5365960428033556,0.5116226696968078,0.20438765803405218,0.02497337201663426,0.2437435861144747,0.3962001131943294,0.3630045361859458,0.33431608882972175,0.0846695670911244,0.20000816937003818,0.16043809054153307,0.14837194664776326,0.5095518841062273,0.4826880358627864,0.1844984911424773,0.026863848848002296
104,0.24975335933480944,0.403239786863327,0.37032423542227066,0.341105804170881,0.10516529764341456,0.220686423348529,0.1821320948600769,0.16932794323563577,0.5347538439886911,0.5104337494373321,0.20358313478742326,0.02432009494304657,0.2450100220952715,0.3948280007839203,0.3591172809260232,0.3329851111684527,0.09616619435272046,0.2177788168830531,0.1609951919295958,0.15831340536049435,0.518109735420772,0.4912985180105482,0.1894169043302536,0.026811217103685652
105,0.25001134237221306,0.4041549748011998,0.36873470655509405,0.34096701778684346,0.10598643806576728,0.21796003230980465,0.18204896876428808,0.16866515131081852,0.5349227475098202,0.5096321704728263,0.20666791338579996,0.02529057652609689,0.24133023279053825,0.3932820669753211,0.35616879863398415,0.33026037532942637,0.08325617378950119,0.20676863194363457,0.1625732884619917,0.1508660359595503,0.5060765899930681,0.4811264123576028,0.20150228125708444,0.024950178129332406
106,0.24813766164439066,0.40379861450195315,0.3686634650400707,0.34019992348126005,0.10497238536924124,0.22240626946943146,0.1808824294188193,0.16942036660654206,0.535255603313446,0.5096202910968236,0.20662664690187998,0.025635312497615814,0.24295690425804684,0.397529599905014,0.3601899811880929,0.333558837720326,0.09038122261954205,0.20673636838368006,0.15871487804182938,0.15194416067004204,0.5137887882845742,0.48550300063405716,0.18363212934562137,0.028285787173679897
107,0.24724067149843487,0.40324326736586436,0.36765904821668355,0.3393810056277684,0.10521614120208791,0.22175705043758664,0.1812861346559865,0.16941978053109985,0.5342176542282104,0.508800788300378,0.2064370678322656,0.025416865042277744,0.2444744827917644,0.3960852014337267,0.36040048956871035,0.33365340140887667,0.08239531251362392,0.20290633177331516,0.1598349321505853,0.14837886275351048,0.5093515587193626,0.4820322662762233,0.1839284188747406,0.027319293073245456
108,0.2492005911724908,0.4028100814819336,0.3677880446229662,0.33993291558538163,0.10541678204493864,0.22061217787436077,0.1813255315423012,0.16911816872443472,0.5342339687347412,0.509051085472107,0.20570274455206736,0.025182883075305394,0.24392807005132947,0.3956499170916421,0.3613272569179535,0.33363509215627396,0.0801713382090841,0.1926813699049609,0.15951755447047097,0.14412342507498604,0.5057428290162768,0.47775851876395087,0.1819868707401412,0.027984309545585086
109,0.24772580640656608,0.4030121589388166,0.3671968280587877,0.339311607837677,0.10320046240942819,0.22212745226706776,0.1823613064629691,0.1692297448345593,0.5333652077742985,0.5085413543496813,0.20415007723229273,0.0248238531095641,0.24233126951966966,0.39464811291013446,0.35860657172543664,0.3318619949817658,0.09005596265143581,0.2036863330560071,0.16049224774113724,0.15141151879089218,0.5094472668852125,0.4832735153266362,0.18643929937907627,0.02617375157560621
110,0.24757492889676774,0.4017870177882058,0.3664828839131764,0.3386149533476148,0.10303039850933211,0.22223432594963483,0.1811563866926091,0.16880704195158822,0.5329354088987623,0.507421997308731,0.2057819731576102,0.02551341051714761,0.24350249111652375,0.3947082028048379,0.35930062391076767,0.3325037827151162,0.0859700095515166,0.19936234498875482,0.16097146626455444,0.1487679440677166,0.5106160067490169,0.4812717288221632,0.1806972576890673,0.029344277841704233
111,0.24867866803918567,0.4010390429156167,0.3669292334318161,0.3388823240143912,0.10535789062189205,0.22128633702652795,0.17921796525376182,0.16862073544945036,0.5331179209777287,0.5075030609880175,0.2055853830065046,0.025614858984947204,0.24225565365382604,0.39301442990984237,0.3582092233044761,0.33115977839061195,0.07803687157960874,0.19295008067148073,0.1576276454521077,0.14287153644008296,0.4999485284941537,0.47403131587164743,0.1887472266639982,0.025917212997164044
112,0.24653935841151647,0.4012431264945439,0.3675498674256461,0.3384441273553031,0.10355609981183495,0.21824699623669896,0.1826658459050315,0.1681563187284129,0.5315090513910566,0.5066004478250231,0.20577080418382374,0.024908602952957153,0.24040280066217695,0.393178215776171,0.36086388186046053,0.33148164217812676,0.08107540709152818,0.19558754846879414,0.16032696402711527,0.14566331048948425,0.5059604828357697,0.4771449541704995,0.1806054384282657,0.028815528520515988
113,0.24860174790450504,0.40072580075263975,0.36728043375696456,0.3388693375587463,0.10402249597970928,0.21962801478590285,0.18075009464366096,0.168133540391922,0.5320871749605451,0.5070028797217778,0.2032977170433317,0.025084294727870396,0.24454721801621573,0.39484460406644006,0.35896001495633806,0.33278395550591605,0.08229243841288345,0.199823623378362,0.1601673825702497,0.1474278189625059,0.511934133052826,0.48021177741459437,0.17607825652190617,0.03172235563823155
114,0.24897852069990975,0.40047419817107066,0.36533182747023446,0.33826152634620665,0.10289415298402309,0.21870885014959743,0.18115405541658403,0.1675856910773686,0.5307476704801832,0.5058472188881465,0.20302786103316717,0.024900451013020106,0.2418839591400964,0.3927301188196455,0.35795838039261957,0.3308574961594173,0.0806543198206595,0.18546279229010854,0.15964367396703788,0.14192026621529033,0.5013836328302111,0.47277776384353637,0.18290068031208856,0.028605868007455553
115,0.248130940590586,0.3993456142970494,0.36560854841981616,0.3376950440747397,0.10125857681142432,0.2180545849757535,0.18189585167382444,0.16706967584150179,0.530124276978629,0.5047647215638842,0.20562334771667207,0.02535955435037613,0.24080366201060158,0.3897432039465223,0.3562307751008442,0.3289258907863072,0.08525429760398609,0.19985595296110426,0.16032075232906,0.1484770059159824,0.5032414096764156,0.477402898141316,0.19034402448790413,0.025838511552129472
116,0.24679982553209578,0.4000706093651908,0.3653806152173451,0.3374170265538352,0.09850681707688741,0.21922987794876098,0.18114365539593355,0.16629345516221863,0.5278744885921478,0.5037104838916233,0.20480153788839067,0.02416400468349457,0.24147363226754326,0.39086356244768417,0.35468330899306705,0.32900684455462864,0.08055983839184046,0.20066117102333478,0.1589879976191691,0.1467363399054323,0.50227580843653,0.4757431866782052,0.18624545804091863,0.026532621043069023
117,0.24745949896744318,0.3990095617771149,0.36395443945271627,0.3368078427655356,0.10029099920924221,0.2205062803242888,0.18294191265957696,0.1679130689246314,0.5300406855515072,0.5047209133420671,0.20552240773609706,0.02531977205617087,0.2439559031043734,0.39243823284762247,0.35715007296630313,0.33118141191346306,0.07982269571721554,0.18528619996990475,0.1591280519749437,0.1414123201242515,0.501152434859957,0.47259373467309135,0.18188726879869188,0.02855869994844709
118,0.24568795989240919,0.3973909170627594,0.36436629823275973,0.3358150681768145,0.10293738866703851,0.21819983082158226,0.18367736885803088,0.1682715343790395,0.5301955396447863,0.5040866048676627,0.2065434785740716,0.02610893406186785,0.23978260176522392,0.389258383512497,0.3554788348163877,0.3281732834747859,0.08502161922997661,0.20124064573645592,0.15687881385002816,0.14771369692257472,0.5019426500456674,0.47588698261124746,0.18962573833976473,0.026055666744709015
119,0.24529143144403184,0.3974927285058158,0.3647504157849721,0.3358448680809566,0.09802690487887178,0.21738226089732987,0.17952879530830043,0.1649793249666691,0.5259168811866215,0.5008241952827999,0.20532524312394007,0.025092685520648958,0.24104071615423475,0.39150896974972316,0.3576060726983207,0.3300519302742822,0.08018925103758062,0.20420410312499318,0.16255614856311254,0.14898317175890718,0.5089333393573761,0.4790351041725704,0.18102092537709644,0.029898236640862056
120,0.24637924710341863,0.39828455015591213,0.36568482106072564,0.3367828823157719,0.1012319846568363,0.22129976589551995,0.18376711957156658,0.1687662949519498,0.5298039388997214,0.505549179485866,0.20380122397627148,0.024254759686333793,0.24246921709605626,0.3914433786187853,0.35754916231972833,0.33048726306642806,0.08080006594423737,0.19849037447571755,0.1616865421863539,0.14699233188586575,0.506509635584695,0.47747959569522314,0.18057411181926727,0.029030039037976945
121,0.24417756140232086,0.39835223398889813,0.3651760561295918,0.33590196010044643,0.09573597768853817,0.2190111819484404,0.18331443375561918,0.16602053560529437,0.5259582769870758,0.5019224974087306,0.20384854801212038,0.024035779995577676,0.24047021108014244,0.3913407145908901,0.35751141493661065,0.3297741245542254,0.07903858185399856,0.1977241840149675,0.16099132800421545,0.14591803555403438,0.5045006296294076,0.4756921615259988,0.18136294955015184,0.02880846828222275
122,0.24665773003441946,0.39802881901604786,0.36582148626872474,0.3368360221385956,0.09687987691642982,0.21674994780761855,0.18190775453618593,0.16517919787764548,0.5267358038084847,0.5020152215617044,0.20357536051954542,0.02472058323451451,0.2428145981175559,0.39142240858078003,0.3574657394204821,0.3305675914968763,0.08048913546172635,0.19400977048277854,0.16040636798632996,0.1449684287501233,0.5050090133462634,0.47553602157320296,0.18038572318213328,0.029472991279193332
123,0.24546581717899868,0.3976937433992113,0.3653826730251312,0.3361807550362178,0.09666023009802614,0.2179169826933316,0.18260409680860384,0.1657271081209183,0.5265517247744969,0.5019078648090363,0.20390945392847062,0.024643859956945693,0.24039762003081186,0.39134146061965397,0.35741956675052644,0.3297195593288967,0.07777675656655005,0.19476477183827332,0.1599199412582176,0.14415382724148887,0.5023706519263131,0.47387338812010626,0.18146099764108659,0.028497263388974327
124,0.24659944418498447,0.3985980726650783,0.36485139993258886,0.336682982308524,0.09949234198512776,0.21687944776884147,0.18135510777362757,0.1659089705986636,0.5287269673347473,0.5025919544015612,0.2030678094795772,0.026135013392993383,0.24216564103535243,0.3914177481446947,0.357376784665244,0.33032006781441825,0.07990384038697396,0.19140181101858617,0.15951050050982407,0.14360538810491563,0.5032484605993544,0.47392545672825404,0.18106289963211333,0.029323004083974022
125,0.2458286372082574,0.3979896148954119,0.3645390679665974,0.3361191175665174,0.0969300406607134,0.21602869401659283,0.17936792906480176,0.1641088929474354,0.5242005671773639,0.5002280117784228,0.20348641959258487,0.023972555943897793,0.24104077580996922,0.391343483379909,0.3573543016910553,0.3299128632886069,0.07820387487273131,0.1926811519563198,0.15914473952140126,0.14334325956872532,0.5019717546190534,0.4732561237130846,0.18146792558261327,0.028715630207742964
126,0.24666255588190897,0.398299206835883,0.36532955069201334,0.33676378066199164,0.09800656700985773,0.21383325457572938,0.180834430832948,0.164224755525589,0.5254073266983033,0.5009885376180921,0.2040996356180736,0.024418789046151298,0.2413276434796197,0.39141869456427436,0.35733790275028776,0.3300280901704516,0.0786150368558509,0.18996241833056723,0.158827147432736,0.14246820518374442,0.5015690626416888,0.47249629763194495,0.18073228892258236,0.029072765622820174
